file_name,label
0.jpg,sunglasses
1.jpg,convertible_car
2.jpg,airliner
3.jpg,golden_retriever
4.jpg,african_elephant
5.jpg,african_elephant
6.jpg,rugby
7.jpg,rugby
8.jpg,golden_retriever
9.jpg,african_elephant
10.jpg,african_elephant
11.jpg,convertible_car
12.jpg,african_elephant
13.jpg,african_elephant
14.jpg,convertible_car
15.jpg,rugby
16.jpg,rugby
17.jpg,parachute
18.jpg,sunglasses
19.jpg,african_elephant
20.jpg,rugby
21.jpg,parachute
22.jpg,golden_retriever
23.jpg,golden_retriever
24.jpg,tiger_cat
25.jpg,african_elephant
26.jpg,airliner
27.jpg,african_elephant
28.jpg,parachute
29.jpg,sunglasses
30.jpg,goldfish
31.jpg,golden_retriever
32.jpg,convertible_car
33.jpg,sunglasses
34.jpg,rugby
35.jpg,golden_retriever
36.jpg,african_elephant
37.jpg,parachute
38.jpg,golden_retriever
39.jpg,rugby
40.jpg,african_elephant
41.jpg,parachute
42.jpg,rugby
43.jpg,convertible_car
44.jpg,sunglasses
45.jpg,parachute
46.jpg,convertible_car
47.jpg,rugby
48.jpg,goldfish
49.jpg,rugby
50.jpg,tiger_cat
51.jpg,banana
52.jpg,parachute
53.jpg,banana
54.jpg,goldfish
55.jpg,goldfish
56.jpg,golden_retriever
57.jpg,golden_retriever
58.jpg,convertible_car
59.jpg,parachute
60.jpg,airliner
61.jpg,tiger_cat
62.jpg,tiger_cat
63.jpg,african_elephant
64.jpg,sunglasses
65.jpg,african_elephant
66.jpg,convertible_car
67.jpg,parachute
68.jpg,goldfish
69.jpg,african_elephant
70.jpg,parachute
71.jpg,sunglasses
72.jpg,african_elephant
73.jpg,convertible_car
74.jpg,parachute
75.jpg,rugby
76.jpg,rugby
77.jpg,airliner
78.jpg,airliner
79.jpg,parachute
80.jpg,airliner
81.jpg,banana
82.jpg,goldfish
83.jpg,tiger_cat
84.jpg,african_elephant
85.jpg,sunglasses
86.jpg,sunglasses
87.jpg,golden_retriever
88.jpg,convertible_car
89.jpg,rugby
90.jpg,rugby
91.jpg,airliner
92.jpg,african_elephant
93.jpg,convertible_car
94.jpg,banana
95.jpg,banana
96.jpg,rugby
97.jpg,tiger_cat
98.jpg,goldfish
99.jpg,goldfish
100.jpg,golden_retriever
101.jpg,airliner
102.jpg,tiger_cat
103.jpg,goldfish
104.jpg,parachute
105.jpg,convertible_car
106.jpg,convertible_car
107.jpg,tiger_cat
108.jpg,golden_retriever
109.jpg,tiger_cat
110.jpg,rugby
111.jpg,african_elephant
112.jpg,convertible_car
113.jpg,rugby
114.jpg,goldfish
115.jpg,golden_retriever
116.jpg,convertible_car
117.jpg,banana
118.jpg,banana
119.jpg,goldfish
120.jpg,banana
121.jpg,golden_retriever
122.jpg,goldfish
123.jpg,rugby
124.jpg,rugby
125.jpg,airliner
126.jpg,goldfish
127.jpg,african_elephant
128.jpg,african_elephant
129.jpg,parachute
130.jpg,banana
131.jpg,goldfish
132.jpg,goldfish
133.jpg,banana
134.jpg,goldfish
135.jpg,golden_retriever
136.jpg,convertible_car
137.jpg,rugby
138.jpg,golden_retriever
139.jpg,african_elephant
140.jpg,airliner
141.jpg,rugby
142.jpg,golden_retriever
143.jpg,convertible_car
144.jpg,golden_retriever
145.jpg,airliner
146.jpg,tiger_cat
147.jpg,banana
148.jpg,airliner
149.jpg,golden_retriever
150.jpg,rugby
151.jpg,golden_retriever
152.jpg,rugby
153.jpg,tiger_cat
154.jpg,tiger_cat
155.jpg,goldfish
156.jpg,banana
157.jpg,goldfish
158.jpg,airliner
159.jpg,convertible_car
160.jpg,goldfish
161.jpg,convertible_car
162.jpg,airliner
163.jpg,golden_retriever
164.jpg,tiger_cat
165.jpg,banana
166.jpg,tiger_cat
167.jpg,parachute
168.jpg,rugby
169.jpg,tiger_cat
170.jpg,golden_retriever
171.jpg,convertible_car
172.jpg,african_elephant
173.jpg,airliner
174.jpg,convertible_car
175.jpg,golden_retriever
176.jpg,parachute
177.jpg,golden_retriever
178.jpg,tiger_cat
179.jpg,goldfish
180.jpg,banana
181.jpg,sunglasses
182.jpg,parachute
183.jpg,sunglasses
184.jpg,golden_retriever
185.jpg,sunglasses
186.jpg,goldfish
187.jpg,goldfish
188.jpg,goldfish
189.jpg,convertible_car
190.jpg,airliner
191.jpg,airliner
192.jpg,airliner
193.jpg,goldfish
194.jpg,airliner
195.jpg,goldfish
196.jpg,convertible_car
197.jpg,african_elephant
198.jpg,goldfish
199.jpg,banana
200.jpg,rugby
201.jpg,rugby
202.jpg,airliner
203.jpg,banana
204.jpg,golden_retriever
205.jpg,banana
206.jpg,goldfish
207.jpg,golden_retriever
208.jpg,tiger_cat
209.jpg,rugby
210.jpg,convertible_car
211.jpg,golden_retriever
212.jpg,convertible_car
213.jpg,golden_retriever
214.jpg,african_elephant
215.jpg,convertible_car
216.jpg,convertible_car
217.jpg,goldfish
218.jpg,rugby
219.jpg,convertible_car
220.jpg,convertible_car
221.jpg,african_elephant
222.jpg,airliner
223.jpg,sunglasses
224.jpg,rugby
225.jpg,golden_retriever
226.jpg,golden_retriever
227.jpg,rugby
228.jpg,sunglasses
229.jpg,airliner
230.jpg,goldfish
231.jpg,convertible_car
232.jpg,airliner
233.jpg,goldfish
234.jpg,golden_retriever
235.jpg,goldfish
236.jpg,airliner
237.jpg,sunglasses
238.jpg,parachute
239.jpg,golden_retriever
240.jpg,parachute
241.jpg,tiger_cat
242.jpg,african_elephant
243.jpg,parachute
244.jpg,golden_retriever
245.jpg,banana
246.jpg,african_elephant
247.jpg,banana
248.jpg,banana
249.jpg,rugby
250.jpg,airliner
251.jpg,sunglasses
252.jpg,airliner
253.jpg,rugby
254.jpg,parachute
255.jpg,sunglasses
256.jpg,african_elephant
257.jpg,sunglasses
258.jpg,goldfish
259.jpg,banana
260.jpg,african_elephant
261.jpg,sunglasses
262.jpg,goldfish
263.jpg,rugby
264.jpg,african_elephant
265.jpg,tiger_cat
266.jpg,sunglasses
267.jpg,golden_retriever
268.jpg,rugby
269.jpg,rugby
270.jpg,airliner
271.jpg,sunglasses
272.jpg,golden_retriever
273.jpg,banana
274.jpg,rugby
275.jpg,african_elephant
276.jpg,rugby
277.jpg,rugby
278.jpg,banana
279.jpg,goldfish
280.jpg,sunglasses
281.jpg,rugby
282.jpg,golden_retriever
283.jpg,sunglasses
284.jpg,sunglasses
285.jpg,goldfish
286.jpg,rugby
287.jpg,golden_retriever
288.jpg,banana
289.jpg,tiger_cat
290.jpg,goldfish
291.jpg,convertible_car
292.jpg,goldfish
293.jpg,rugby
294.jpg,goldfish
295.jpg,convertible_car
296.jpg,golden_retriever
297.jpg,sunglasses
298.jpg,goldfish
299.jpg,banana
300.jpg,banana
301.jpg,rugby
302.jpg,african_elephant
303.jpg,rugby
304.jpg,airliner
305.jpg,golden_retriever
306.jpg,airliner
307.jpg,banana
308.jpg,goldfish
309.jpg,rugby
310.jpg,goldfish
311.jpg,sunglasses
312.jpg,rugby
313.jpg,airliner
314.jpg,convertible_car
315.jpg,goldfish
316.jpg,banana
317.jpg,rugby
318.jpg,parachute
319.jpg,parachute
320.jpg,airliner
321.jpg,rugby
322.jpg,african_elephant
323.jpg,parachute
324.jpg,rugby
325.jpg,african_elephant
326.jpg,tiger_cat
327.jpg,rugby
328.jpg,rugby
329.jpg,parachute
330.jpg,goldfish
331.jpg,tiger_cat
332.jpg,rugby
333.jpg,rugby
334.jpg,african_elephant
335.jpg,convertible_car
336.jpg,golden_retriever
337.jpg,tiger_cat
338.jpg,african_elephant
339.jpg,goldfish
340.jpg,rugby
341.jpg,goldfish
342.jpg,goldfish
343.jpg,rugby
344.jpg,airliner
345.jpg,goldfish
346.jpg,goldfish
347.jpg,goldfish
348.jpg,convertible_car
349.jpg,goldfish
350.jpg,parachute
351.jpg,african_elephant
352.jpg,goldfish
353.jpg,tiger_cat
354.jpg,sunglasses
355.jpg,african_elephant
356.jpg,golden_retriever
357.jpg,rugby
358.jpg,parachute
359.jpg,sunglasses
360.jpg,convertible_car
361.jpg,parachute
362.jpg,airliner
363.jpg,golden_retriever
364.jpg,goldfish
365.jpg,airliner
366.jpg,parachute
367.jpg,goldfish
368.jpg,rugby
369.jpg,airliner
370.jpg,banana
371.jpg,tiger_cat
372.jpg,golden_retriever
373.jpg,golden_retriever
374.jpg,golden_retriever
375.jpg,african_elephant
376.jpg,airliner
377.jpg,sunglasses
378.jpg,golden_retriever
379.jpg,rugby
380.jpg,goldfish
381.jpg,rugby
382.jpg,rugby
383.jpg,sunglasses
384.jpg,african_elephant
385.jpg,african_elephant
386.jpg,african_elephant
387.jpg,african_elephant
388.jpg,rugby
389.jpg,rugby
390.jpg,sunglasses
391.jpg,rugby
392.jpg,airliner
393.jpg,rugby
394.jpg,african_elephant
395.jpg,golden_retriever
396.jpg,golden_retriever
397.jpg,rugby
398.jpg,parachute
399.jpg,convertible_car
400.jpg,tiger_cat
401.jpg,goldfish
402.jpg,sunglasses
403.jpg,parachute
404.jpg,golden_retriever
405.jpg,sunglasses
406.jpg,african_elephant
407.jpg,parachute
408.jpg,african_elephant
409.jpg,goldfish
410.jpg,airliner
411.jpg,african_elephant
412.jpg,parachute
413.jpg,tiger_cat
414.jpg,convertible_car
415.jpg,african_elephant
416.jpg,african_elephant
417.jpg,golden_retriever
418.jpg,african_elephant
419.jpg,golden_retriever
420.jpg,african_elephant
421.jpg,goldfish
422.jpg,goldfish
423.jpg,banana
424.jpg,goldfish
425.jpg,golden_retriever
426.jpg,goldfish
427.jpg,golden_retriever
428.jpg,sunglasses
429.jpg,rugby
430.jpg,airliner
431.jpg,convertible_car
432.jpg,goldfish
433.jpg,rugby
434.jpg,african_elephant
435.jpg,banana
436.jpg,golden_retriever
437.jpg,sunglasses
438.jpg,golden_retriever
439.jpg,african_elephant
440.jpg,goldfish
441.jpg,goldfish
442.jpg,african_elephant
443.jpg,rugby
444.jpg,african_elephant
445.jpg,airliner
446.jpg,convertible_car
447.jpg,sunglasses
448.jpg,convertible_car
449.jpg,golden_retriever
450.jpg,goldfish
451.jpg,golden_retriever
452.jpg,rugby
453.jpg,goldfish
454.jpg,convertible_car
455.jpg,banana
456.jpg,african_elephant
457.jpg,rugby
458.jpg,sunglasses
459.jpg,goldfish
460.jpg,banana
461.jpg,tiger_cat
462.jpg,parachute
463.jpg,airliner
464.jpg,rugby
465.jpg,airliner
466.jpg,banana
467.jpg,goldfish
468.jpg,tiger_cat
469.jpg,convertible_car
470.jpg,banana
471.jpg,african_elephant
472.jpg,goldfish
473.jpg,african_elephant
474.jpg,rugby
475.jpg,sunglasses
476.jpg,convertible_car
477.jpg,african_elephant
478.jpg,convertible_car
479.jpg,airliner
480.jpg,tiger_cat
481.jpg,african_elephant
482.jpg,airliner
483.jpg,goldfish
484.jpg,sunglasses
485.jpg,banana
486.jpg,parachute
487.jpg,african_elephant
488.jpg,golden_retriever
489.jpg,african_elephant
490.jpg,goldfish
491.jpg,goldfish
492.jpg,convertible_car
493.jpg,airliner
494.jpg,sunglasses
495.jpg,goldfish
496.jpg,tiger_cat
497.jpg,goldfish
498.jpg,goldfish
499.jpg,goldfish
500.jpg,african_elephant
501.jpg,convertible_car
502.jpg,goldfish
503.jpg,banana
504.jpg,convertible_car
505.jpg,goldfish
506.jpg,african_elephant
507.jpg,airliner
508.jpg,goldfish
509.jpg,sunglasses
510.jpg,tiger_cat
511.jpg,sunglasses
512.jpg,goldfish
513.jpg,convertible_car
514.jpg,goldfish
515.jpg,tiger_cat
516.jpg,airliner
517.jpg,rugby
518.jpg,airliner
519.jpg,rugby
520.jpg,african_elephant
521.jpg,sunglasses
522.jpg,african_elephant
523.jpg,tiger_cat
524.jpg,golden_retriever
525.jpg,airliner
526.jpg,banana
527.jpg,golden_retriever
528.jpg,convertible_car
529.jpg,tiger_cat
530.jpg,african_elephant
531.jpg,rugby
532.jpg,goldfish
533.jpg,rugby
534.jpg,goldfish
535.jpg,airliner
536.jpg,african_elephant
537.jpg,sunglasses
538.jpg,airliner
539.jpg,airliner
540.jpg,rugby
541.jpg,goldfish
542.jpg,tiger_cat
543.jpg,african_elephant
544.jpg,rugby
545.jpg,goldfish
546.jpg,rugby
547.jpg,goldfish
548.jpg,banana
549.jpg,goldfish
550.jpg,golden_retriever
551.jpg,sunglasses
552.jpg,convertible_car
553.jpg,airliner
554.jpg,african_elephant
555.jpg,banana
556.jpg,golden_retriever
557.jpg,rugby
558.jpg,rugby
559.jpg,rugby
560.jpg,goldfish
561.jpg,parachute
562.jpg,african_elephant
563.jpg,african_elephant
564.jpg,convertible_car
565.jpg,rugby
566.jpg,rugby
567.jpg,tiger_cat
568.jpg,rugby
569.jpg,banana
570.jpg,rugby
571.jpg,golden_retriever
572.jpg,golden_retriever
573.jpg,banana
574.jpg,parachute
575.jpg,goldfish
576.jpg,convertible_car
577.jpg,convertible_car
578.jpg,golden_retriever
579.jpg,rugby
580.jpg,tiger_cat
581.jpg,rugby
582.jpg,rugby
583.jpg,tiger_cat
584.jpg,airliner
585.jpg,sunglasses
586.jpg,sunglasses
587.jpg,tiger_cat
588.jpg,golden_retriever
589.jpg,goldfish
590.jpg,convertible_car
591.jpg,rugby
592.jpg,african_elephant
593.jpg,rugby
594.jpg,convertible_car
595.jpg,convertible_car
596.jpg,banana
597.jpg,rugby
598.jpg,convertible_car
599.jpg,rugby
600.jpg,goldfish
601.jpg,golden_retriever
602.jpg,sunglasses
603.jpg,goldfish
604.jpg,rugby
605.jpg,convertible_car
606.jpg,airliner
607.jpg,african_elephant
608.jpg,sunglasses
609.jpg,rugby
610.jpg,sunglasses
611.jpg,banana
612.jpg,golden_retriever
613.jpg,convertible_car
614.jpg,rugby
615.jpg,rugby
616.jpg,golden_retriever
617.jpg,parachute
618.jpg,goldfish
619.jpg,banana
620.jpg,convertible_car
621.jpg,convertible_car
622.jpg,parachute
623.jpg,banana
624.jpg,banana
625.jpg,banana
626.jpg,sunglasses
627.jpg,golden_retriever
628.jpg,airliner
629.jpg,airliner
630.jpg,african_elephant
631.jpg,goldfish
632.jpg,convertible_car
633.jpg,sunglasses
634.jpg,parachute
635.jpg,convertible_car
636.jpg,banana
637.jpg,banana
638.jpg,banana
639.jpg,rugby
640.jpg,banana
641.jpg,tiger_cat
642.jpg,airliner
643.jpg,parachute
644.jpg,banana
645.jpg,golden_retriever
646.jpg,golden_retriever
647.jpg,goldfish
648.jpg,convertible_car
649.jpg,sunglasses
650.jpg,banana
651.jpg,african_elephant
652.jpg,rugby
653.jpg,golden_retriever
654.jpg,golden_retriever
655.jpg,airliner
656.jpg,goldfish
657.jpg,african_elephant
658.jpg,parachute
659.jpg,rugby
660.jpg,convertible_car
661.jpg,sunglasses
662.jpg,african_elephant
663.jpg,rugby
664.jpg,convertible_car
665.jpg,tiger_cat
666.jpg,goldfish
667.jpg,golden_retriever
668.jpg,golden_retriever
669.jpg,airliner
670.jpg,parachute
671.jpg,banana
672.jpg,parachute
673.jpg,parachute
674.jpg,rugby
675.jpg,goldfish
676.jpg,rugby
677.jpg,golden_retriever
678.jpg,convertible_car
679.jpg,tiger_cat
680.jpg,convertible_car
681.jpg,banana
682.jpg,goldfish
683.jpg,golden_retriever
684.jpg,banana
685.jpg,tiger_cat
686.jpg,goldfish
687.jpg,convertible_car
688.jpg,sunglasses
689.jpg,sunglasses
690.jpg,rugby
691.jpg,airliner
692.jpg,african_elephant
693.jpg,goldfish
694.jpg,parachute
695.jpg,sunglasses
696.jpg,sunglasses
697.jpg,goldfish
698.jpg,golden_retriever
699.jpg,banana
700.jpg,african_elephant
701.jpg,rugby
702.jpg,banana
703.jpg,sunglasses
704.jpg,sunglasses
705.jpg,sunglasses
706.jpg,convertible_car
707.jpg,golden_retriever
708.jpg,rugby
709.jpg,tiger_cat
710.jpg,sunglasses
711.jpg,convertible_car
712.jpg,convertible_car
713.jpg,rugby
714.jpg,banana
715.jpg,banana
716.jpg,golden_retriever
717.jpg,banana
718.jpg,rugby
719.jpg,rugby
720.jpg,airliner
721.jpg,goldfish
722.jpg,goldfish
723.jpg,goldfish
724.jpg,convertible_car
725.jpg,rugby
726.jpg,convertible_car
727.jpg,golden_retriever
728.jpg,convertible_car
729.jpg,rugby
730.jpg,goldfish
731.jpg,tiger_cat
732.jpg,convertible_car
733.jpg,airliner
734.jpg,african_elephant
735.jpg,rugby
736.jpg,airliner
737.jpg,goldfish
738.jpg,golden_retriever
739.jpg,african_elephant
740.jpg,sunglasses
741.jpg,goldfish
742.jpg,african_elephant
743.jpg,goldfish
744.jpg,goldfish
745.jpg,banana
746.jpg,parachute
747.jpg,african_elephant
748.jpg,tiger_cat
749.jpg,airliner
750.jpg,convertible_car
751.jpg,goldfish
752.jpg,airliner
753.jpg,goldfish
754.jpg,airliner
755.jpg,african_elephant
756.jpg,rugby
757.jpg,rugby
758.jpg,convertible_car
759.jpg,banana
760.jpg,african_elephant
761.jpg,sunglasses
762.jpg,convertible_car
763.jpg,golden_retriever
764.jpg,rugby
765.jpg,airliner
766.jpg,airliner
767.jpg,golden_retriever
768.jpg,convertible_car
769.jpg,convertible_car
770.jpg,african_elephant
771.jpg,banana
772.jpg,african_elephant
773.jpg,rugby
774.jpg,airliner
775.jpg,banana
776.jpg,goldfish
777.jpg,african_elephant
778.jpg,rugby
779.jpg,goldfish
780.jpg,goldfish
781.jpg,airliner
782.jpg,convertible_car
783.jpg,parachute
784.jpg,banana
785.jpg,airliner
786.jpg,parachute
787.jpg,sunglasses
788.jpg,convertible_car
789.jpg,rugby
790.jpg,banana
791.jpg,african_elephant
792.jpg,banana
793.jpg,goldfish
794.jpg,goldfish
795.jpg,goldfish
796.jpg,sunglasses
797.jpg,rugby
798.jpg,rugby
799.jpg,banana
800.jpg,african_elephant
801.jpg,african_elephant
802.jpg,tiger_cat
803.jpg,sunglasses
804.jpg,golden_retriever
805.jpg,african_elephant
806.jpg,banana
807.jpg,airliner
808.jpg,sunglasses
809.jpg,golden_retriever
810.jpg,african_elephant
811.jpg,african_elephant
812.jpg,banana
813.jpg,african_elephant
814.jpg,sunglasses
815.jpg,airliner
816.jpg,tiger_cat
817.jpg,tiger_cat
818.jpg,african_elephant
819.jpg,golden_retriever
820.jpg,rugby
821.jpg,airliner
822.jpg,goldfish
823.jpg,banana
824.jpg,african_elephant
825.jpg,convertible_car
826.jpg,airliner
827.jpg,golden_retriever
828.jpg,goldfish
829.jpg,parachute
830.jpg,african_elephant
831.jpg,convertible_car
832.jpg,parachute
833.jpg,convertible_car
834.jpg,airliner
835.jpg,parachute
836.jpg,golden_retriever
837.jpg,airliner
838.jpg,sunglasses
839.jpg,golden_retriever
840.jpg,goldfish
841.jpg,tiger_cat
842.jpg,tiger_cat
843.jpg,golden_retriever
844.jpg,tiger_cat
845.jpg,convertible_car
846.jpg,tiger_cat
847.jpg,african_elephant
848.jpg,goldfish
849.jpg,african_elephant
850.jpg,airliner
851.jpg,tiger_cat
852.jpg,tiger_cat
853.jpg,golden_retriever
854.jpg,parachute
855.jpg,golden_retriever
856.jpg,sunglasses
857.jpg,golden_retriever
858.jpg,goldfish
859.jpg,convertible_car
860.jpg,parachute
861.jpg,rugby
862.jpg,african_elephant
863.jpg,rugby
864.jpg,golden_retriever
865.jpg,airliner
866.jpg,convertible_car
867.jpg,banana
868.jpg,airliner
869.jpg,parachute
870.jpg,goldfish
871.jpg,airliner
872.jpg,convertible_car
873.jpg,tiger_cat
874.jpg,golden_retriever
875.jpg,airliner
876.jpg,goldfish
877.jpg,goldfish
878.jpg,convertible_car
879.jpg,sunglasses
880.jpg,convertible_car
881.jpg,golden_retriever
882.jpg,convertible_car
883.jpg,banana
884.jpg,convertible_car
885.jpg,banana
886.jpg,golden_retriever
887.jpg,convertible_car
888.jpg,convertible_car
889.jpg,african_elephant
890.jpg,banana
891.jpg,african_elephant
892.jpg,rugby
893.jpg,sunglasses
894.jpg,goldfish
895.jpg,african_elephant
896.jpg,goldfish
897.jpg,goldfish
898.jpg,airliner
899.jpg,rugby
900.jpg,golden_retriever
901.jpg,sunglasses
902.jpg,rugby
903.jpg,african_elephant
904.jpg,african_elephant
905.jpg,goldfish
906.jpg,golden_retriever
907.jpg,banana
908.jpg,rugby
909.jpg,golden_retriever
910.jpg,golden_retriever
911.jpg,airliner
912.jpg,banana
913.jpg,african_elephant
914.jpg,african_elephant
915.jpg,african_elephant
916.jpg,goldfish
917.jpg,banana
918.jpg,tiger_cat
919.jpg,african_elephant
920.jpg,golden_retriever
921.jpg,golden_retriever
922.jpg,parachute
923.jpg,goldfish
924.jpg,african_elephant
925.jpg,airliner
926.jpg,african_elephant
927.jpg,airliner
928.jpg,banana
929.jpg,african_elephant
930.jpg,tiger_cat
931.jpg,banana
932.jpg,rugby
933.jpg,goldfish
934.jpg,parachute
935.jpg,golden_retriever
936.jpg,african_elephant
937.jpg,sunglasses
938.jpg,rugby
939.jpg,sunglasses
940.jpg,banana
941.jpg,golden_retriever
942.jpg,golden_retriever
943.jpg,goldfish
944.jpg,goldfish
945.jpg,banana
946.jpg,tiger_cat
947.jpg,golden_retriever
948.jpg,banana
949.jpg,airliner
950.jpg,tiger_cat
951.jpg,banana
952.jpg,convertible_car
953.jpg,parachute
954.jpg,sunglasses
955.jpg,airliner
956.jpg,banana
957.jpg,golden_retriever
958.jpg,goldfish
959.jpg,goldfish
960.jpg,goldfish
961.jpg,golden_retriever
962.jpg,airliner
963.jpg,banana
964.jpg,african_elephant
965.jpg,goldfish
966.jpg,golden_retriever
967.jpg,banana
968.jpg,convertible_car
969.jpg,african_elephant
970.jpg,parachute
971.jpg,rugby
972.jpg,african_elephant
973.jpg,banana
974.jpg,convertible_car
975.jpg,rugby
976.jpg,airliner
977.jpg,goldfish
978.jpg,golden_retriever
979.jpg,african_elephant
980.jpg,sunglasses
981.jpg,african_elephant
982.jpg,rugby
983.jpg,convertible_car
984.jpg,african_elephant
985.jpg,golden_retriever
986.jpg,golden_retriever
987.jpg,tiger_cat
988.jpg,goldfish
989.jpg,sunglasses
990.jpg,goldfish
991.jpg,banana
992.jpg,sunglasses
993.jpg,convertible_car
994.jpg,sunglasses
995.jpg,golden_retriever
996.jpg,airliner
997.jpg,convertible_car
998.jpg,convertible_car
999.jpg,rugby
1000.jpg,rugby
1001.jpg,rugby
1002.jpg,sunglasses
1003.jpg,goldfish
1004.jpg,banana
1005.jpg,airliner
1006.jpg,african_elephant
1007.jpg,sunglasses
1008.jpg,convertible_car
1009.jpg,banana
1010.jpg,convertible_car
1011.jpg,convertible_car
1012.jpg,airliner
1013.jpg,convertible_car
1014.jpg,airliner
1015.jpg,airliner
1016.jpg,convertible_car
1017.jpg,goldfish
1018.jpg,african_elephant
1019.jpg,convertible_car
1020.jpg,airliner
1021.jpg,banana
1022.jpg,golden_retriever
1023.jpg,convertible_car
1024.jpg,convertible_car
1025.jpg,goldfish
1026.jpg,golden_retriever
1027.jpg,sunglasses
1028.jpg,goldfish
1029.jpg,african_elephant
1030.jpg,airliner
1031.jpg,convertible_car
1032.jpg,african_elephant
1033.jpg,banana
1034.jpg,airliner
1035.jpg,tiger_cat
1036.jpg,golden_retriever
1037.jpg,sunglasses
1038.jpg,rugby
1039.jpg,golden_retriever
1040.jpg,goldfish
1041.jpg,golden_retriever
1042.jpg,rugby
1043.jpg,tiger_cat
1044.jpg,parachute
1045.jpg,banana
1046.jpg,rugby
1047.jpg,convertible_car
1048.jpg,goldfish
1049.jpg,golden_retriever
1050.jpg,banana
1051.jpg,rugby
1052.jpg,sunglasses
1053.jpg,goldfish
1054.jpg,rugby
1055.jpg,goldfish
1056.jpg,sunglasses
1057.jpg,golden_retriever
1058.jpg,goldfish
1059.jpg,tiger_cat
1060.jpg,convertible_car
1061.jpg,african_elephant
1062.jpg,rugby
1063.jpg,convertible_car
1064.jpg,banana
1065.jpg,sunglasses
1066.jpg,goldfish
1067.jpg,parachute
1068.jpg,goldfish
1069.jpg,airliner
1070.jpg,rugby
1071.jpg,banana
1072.jpg,airliner
1073.jpg,african_elephant
1074.jpg,convertible_car
1075.jpg,goldfish
1076.jpg,goldfish
1077.jpg,banana
1078.jpg,convertible_car
1079.jpg,rugby
1080.jpg,goldfish
1081.jpg,airliner
1082.jpg,banana
1083.jpg,goldfish
1084.jpg,convertible_car
1085.jpg,goldfish
1086.jpg,tiger_cat
1087.jpg,tiger_cat
1088.jpg,rugby
1089.jpg,tiger_cat
1090.jpg,goldfish
1091.jpg,rugby
1092.jpg,goldfish
1093.jpg,goldfish
1094.jpg,convertible_car
1095.jpg,goldfish
1096.jpg,convertible_car
1097.jpg,goldfish
1098.jpg,airliner
1099.jpg,sunglasses
1100.jpg,convertible_car
1101.jpg,rugby
1102.jpg,banana
1103.jpg,convertible_car
1104.jpg,sunglasses
1105.jpg,banana
1106.jpg,convertible_car
1107.jpg,sunglasses
1108.jpg,convertible_car
1109.jpg,goldfish
1110.jpg,rugby
1111.jpg,parachute
1112.jpg,parachute
1113.jpg,goldfish
1114.jpg,african_elephant
1115.jpg,sunglasses
1116.jpg,parachute
1117.jpg,banana
1118.jpg,parachute
1119.jpg,rugby
1120.jpg,convertible_car
1121.jpg,sunglasses
1122.jpg,parachute
1123.jpg,convertible_car
1124.jpg,sunglasses
1125.jpg,parachute
1126.jpg,african_elephant
1127.jpg,tiger_cat
1128.jpg,sunglasses
1129.jpg,goldfish
1130.jpg,african_elephant
1131.jpg,golden_retriever
1132.jpg,african_elephant
1133.jpg,rugby
1134.jpg,golden_retriever
1135.jpg,convertible_car
1136.jpg,goldfish
1137.jpg,airliner
1138.jpg,tiger_cat
1139.jpg,convertible_car
1140.jpg,convertible_car
1141.jpg,airliner
1142.jpg,banana
1143.jpg,sunglasses
1144.jpg,airliner
1145.jpg,airliner
1146.jpg,golden_retriever
1147.jpg,banana
1148.jpg,banana
1149.jpg,sunglasses
1150.jpg,convertible_car
1151.jpg,african_elephant
1152.jpg,golden_retriever
1153.jpg,rugby
1154.jpg,convertible_car
1155.jpg,banana
1156.jpg,african_elephant
1157.jpg,rugby
1158.jpg,golden_retriever
1159.jpg,tiger_cat
1160.jpg,rugby
1161.jpg,convertible_car
1162.jpg,goldfish
1163.jpg,goldfish
1164.jpg,airliner
1165.jpg,convertible_car
1166.jpg,african_elephant
1167.jpg,parachute
1168.jpg,tiger_cat
1169.jpg,parachute
1170.jpg,parachute
1171.jpg,banana
1172.jpg,african_elephant
1173.jpg,parachute
1174.jpg,airliner
1175.jpg,convertible_car
1176.jpg,rugby
1177.jpg,tiger_cat
1178.jpg,golden_retriever
1179.jpg,parachute
1180.jpg,tiger_cat
1181.jpg,sunglasses
1182.jpg,convertible_car
1183.jpg,tiger_cat
1184.jpg,airliner
1185.jpg,parachute
1186.jpg,convertible_car
1187.jpg,rugby
1188.jpg,sunglasses
1189.jpg,golden_retriever
1190.jpg,sunglasses
1191.jpg,parachute
1192.jpg,banana
1193.jpg,parachute
1194.jpg,goldfish
1195.jpg,banana
1196.jpg,banana
1197.jpg,airliner
1198.jpg,african_elephant
1199.jpg,tiger_cat
1200.jpg,airliner
1201.jpg,convertible_car
1202.jpg,airliner
1203.jpg,tiger_cat
1204.jpg,rugby
1205.jpg,parachute
1206.jpg,banana
1207.jpg,sunglasses
1208.jpg,banana
1209.jpg,sunglasses
1210.jpg,convertible_car
1211.jpg,banana
1212.jpg,african_elephant
1213.jpg,parachute
1214.jpg,goldfish
1215.jpg,airliner
1216.jpg,convertible_car
1217.jpg,goldfish
1218.jpg,airliner
1219.jpg,parachute
1220.jpg,goldfish
1221.jpg,airliner
1222.jpg,goldfish
1223.jpg,banana
1224.jpg,banana
1225.jpg,airliner
1226.jpg,golden_retriever
1227.jpg,goldfish
1228.jpg,convertible_car
1229.jpg,parachute
1230.jpg,banana
1231.jpg,rugby
1232.jpg,rugby
1233.jpg,african_elephant
1234.jpg,goldfish
1235.jpg,tiger_cat
1236.jpg,convertible_car
1237.jpg,convertible_car
1238.jpg,airliner
1239.jpg,tiger_cat
1240.jpg,banana
1241.jpg,african_elephant
1242.jpg,airliner
1243.jpg,banana
1244.jpg,african_elephant
1245.jpg,parachute
1246.jpg,goldfish
1247.jpg,parachute
1248.jpg,rugby
1249.jpg,goldfish
1250.jpg,sunglasses
1251.jpg,rugby
1252.jpg,banana
1253.jpg,airliner
1254.jpg,goldfish
1255.jpg,rugby
1256.jpg,airliner
1257.jpg,sunglasses
1258.jpg,rugby
1259.jpg,tiger_cat
1260.jpg,goldfish
1261.jpg,rugby
1262.jpg,airliner
1263.jpg,parachute
1264.jpg,tiger_cat
1265.jpg,golden_retriever
1266.jpg,parachute
1267.jpg,african_elephant
1268.jpg,convertible_car
1269.jpg,rugby
1270.jpg,convertible_car
1271.jpg,goldfish
1272.jpg,goldfish
1273.jpg,golden_retriever
1274.jpg,tiger_cat
1275.jpg,golden_retriever
1276.jpg,african_elephant
1277.jpg,convertible_car
1278.jpg,rugby
1279.jpg,goldfish
1280.jpg,goldfish
1281.jpg,goldfish
1282.jpg,sunglasses
1283.jpg,sunglasses
1284.jpg,sunglasses
1285.jpg,golden_retriever
1286.jpg,sunglasses
1287.jpg,goldfish
1288.jpg,golden_retriever
1289.jpg,rugby
1290.jpg,goldfish
1291.jpg,tiger_cat
1292.jpg,rugby
1293.jpg,rugby
1294.jpg,goldfish
1295.jpg,sunglasses
1296.jpg,convertible_car
1297.jpg,banana
1298.jpg,golden_retriever
1299.jpg,golden_retriever
1300.jpg,african_elephant
1301.jpg,airliner
1302.jpg,goldfish
1303.jpg,parachute
1304.jpg,african_elephant
1305.jpg,african_elephant
1306.jpg,tiger_cat
1307.jpg,tiger_cat
1308.jpg,airliner
1309.jpg,goldfish
1310.jpg,african_elephant
1311.jpg,african_elephant
1312.jpg,goldfish
1313.jpg,rugby
1314.jpg,african_elephant
1315.jpg,golden_retriever
1316.jpg,convertible_car
1317.jpg,goldfish
1318.jpg,goldfish
1319.jpg,golden_retriever
1320.jpg,airliner
1321.jpg,rugby
1322.jpg,airliner
1323.jpg,rugby
1324.jpg,airliner
1325.jpg,rugby
1326.jpg,african_elephant
1327.jpg,banana
1328.jpg,convertible_car
1329.jpg,banana
1330.jpg,rugby
1331.jpg,convertible_car
1332.jpg,rugby
1333.jpg,rugby
1334.jpg,parachute
1335.jpg,golden_retriever
1336.jpg,african_elephant
1337.jpg,tiger_cat
1338.jpg,convertible_car
1339.jpg,tiger_cat
1340.jpg,african_elephant
1341.jpg,rugby
1342.jpg,rugby
1343.jpg,banana
1344.jpg,african_elephant
1345.jpg,sunglasses
1346.jpg,golden_retriever
1347.jpg,african_elephant
1348.jpg,sunglasses
1349.jpg,airliner
1350.jpg,african_elephant
1351.jpg,african_elephant
1352.jpg,convertible_car
1353.jpg,african_elephant
1354.jpg,convertible_car
1355.jpg,convertible_car
1356.jpg,golden_retriever
1357.jpg,parachute
1358.jpg,goldfish
1359.jpg,tiger_cat
1360.jpg,african_elephant
1361.jpg,airliner
1362.jpg,rugby
1363.jpg,tiger_cat
1364.jpg,golden_retriever
1365.jpg,parachute
1366.jpg,golden_retriever
1367.jpg,parachute
1368.jpg,golden_retriever
1369.jpg,parachute
1370.jpg,golden_retriever
1371.jpg,african_elephant
1372.jpg,convertible_car
1373.jpg,airliner
1374.jpg,airliner
1375.jpg,convertible_car
1376.jpg,golden_retriever
1377.jpg,goldfish
1378.jpg,tiger_cat
1379.jpg,goldfish
1380.jpg,airliner
1381.jpg,rugby
1382.jpg,rugby
1383.jpg,convertible_car
1384.jpg,goldfish
1385.jpg,goldfish
1386.jpg,african_elephant
1387.jpg,convertible_car
1388.jpg,goldfish
1389.jpg,golden_retriever
1390.jpg,airliner
1391.jpg,goldfish
1392.jpg,parachute
1393.jpg,convertible_car
1394.jpg,african_elephant
1395.jpg,goldfish
1396.jpg,african_elephant
1397.jpg,tiger_cat
1398.jpg,banana
1399.jpg,rugby
1400.jpg,sunglasses
1401.jpg,rugby
1402.jpg,goldfish
1403.jpg,african_elephant
1404.jpg,rugby
1405.jpg,sunglasses
1406.jpg,sunglasses
1407.jpg,rugby
1408.jpg,golden_retriever
1409.jpg,african_elephant
1410.jpg,convertible_car
1411.jpg,airliner
1412.jpg,goldfish
1413.jpg,convertible_car
1414.jpg,convertible_car
1415.jpg,airliner
1416.jpg,convertible_car
1417.jpg,banana
1418.jpg,banana
1419.jpg,golden_retriever
1420.jpg,rugby
1421.jpg,convertible_car
1422.jpg,rugby
1423.jpg,golden_retriever
1424.jpg,golden_retriever
1425.jpg,sunglasses
1426.jpg,airliner
1427.jpg,sunglasses
1428.jpg,rugby
1429.jpg,african_elephant
1430.jpg,golden_retriever
1431.jpg,parachute
1432.jpg,airliner
1433.jpg,sunglasses
1434.jpg,parachute
1435.jpg,airliner
1436.jpg,sunglasses
1437.jpg,sunglasses
1438.jpg,african_elephant
1439.jpg,goldfish
1440.jpg,banana
1441.jpg,goldfish
1442.jpg,convertible_car
1443.jpg,african_elephant
1444.jpg,sunglasses
1445.jpg,goldfish
1446.jpg,golden_retriever
1447.jpg,african_elephant
1448.jpg,sunglasses
1449.jpg,banana
1450.jpg,african_elephant
1451.jpg,rugby
1452.jpg,golden_retriever
1453.jpg,banana
1454.jpg,rugby
1455.jpg,convertible_car
1456.jpg,rugby
1457.jpg,parachute
1458.jpg,rugby
1459.jpg,convertible_car
1460.jpg,golden_retriever
1461.jpg,goldfish
1462.jpg,african_elephant
1463.jpg,golden_retriever
1464.jpg,banana
1465.jpg,african_elephant
1466.jpg,banana
1467.jpg,african_elephant
1468.jpg,goldfish
1469.jpg,sunglasses
1470.jpg,tiger_cat
1471.jpg,airliner
1472.jpg,rugby
1473.jpg,rugby
1474.jpg,african_elephant
1475.jpg,parachute
1476.jpg,tiger_cat
1477.jpg,golden_retriever
1478.jpg,african_elephant
1479.jpg,airliner
1480.jpg,goldfish
1481.jpg,tiger_cat
1482.jpg,african_elephant
1483.jpg,banana
1484.jpg,sunglasses
1485.jpg,banana
1486.jpg,airliner
1487.jpg,tiger_cat
1488.jpg,goldfish
1489.jpg,golden_retriever
1490.jpg,golden_retriever
1491.jpg,sunglasses
1492.jpg,rugby
1493.jpg,parachute
1494.jpg,convertible_car
1495.jpg,golden_retriever
1496.jpg,rugby
1497.jpg,goldfish
1498.jpg,goldfish
1499.jpg,tiger_cat
1500.jpg,banana
1501.jpg,convertible_car
1502.jpg,golden_retriever
1503.jpg,goldfish
1504.jpg,convertible_car
1505.jpg,banana
1506.jpg,banana
1507.jpg,parachute
1508.jpg,rugby
1509.jpg,goldfish
1510.jpg,golden_retriever
1511.jpg,african_elephant
1512.jpg,rugby
1513.jpg,african_elephant
1514.jpg,sunglasses
1515.jpg,tiger_cat
1516.jpg,convertible_car
1517.jpg,golden_retriever
1518.jpg,convertible_car
1519.jpg,convertible_car
1520.jpg,goldfish
1521.jpg,rugby
1522.jpg,rugby
1523.jpg,banana
1524.jpg,sunglasses
1525.jpg,golden_retriever
1526.jpg,parachute
1527.jpg,airliner
1528.jpg,airliner
1529.jpg,parachute
1530.jpg,parachute
1531.jpg,sunglasses
1532.jpg,sunglasses
1533.jpg,rugby
1534.jpg,airliner
1535.jpg,golden_retriever
1536.jpg,rugby
1537.jpg,golden_retriever
1538.jpg,goldfish
1539.jpg,goldfish
1540.jpg,golden_retriever
1541.jpg,african_elephant
1542.jpg,golden_retriever
1543.jpg,golden_retriever
1544.jpg,golden_retriever
1545.jpg,african_elephant
1546.jpg,golden_retriever
1547.jpg,goldfish
1548.jpg,airliner
1549.jpg,convertible_car
1550.jpg,banana
1551.jpg,convertible_car
1552.jpg,rugby
1553.jpg,goldfish
1554.jpg,airliner
1555.jpg,golden_retriever
1556.jpg,golden_retriever
1557.jpg,banana
1558.jpg,golden_retriever
1559.jpg,rugby
1560.jpg,banana
1561.jpg,banana
1562.jpg,golden_retriever
1563.jpg,parachute
1564.jpg,banana
1565.jpg,goldfish
1566.jpg,airliner
1567.jpg,goldfish
1568.jpg,banana
1569.jpg,banana
1570.jpg,convertible_car
1571.jpg,rugby
1572.jpg,golden_retriever
1573.jpg,goldfish
1574.jpg,african_elephant
1575.jpg,goldfish
1576.jpg,convertible_car
1577.jpg,banana
1578.jpg,rugby
1579.jpg,sunglasses
1580.jpg,goldfish
1581.jpg,goldfish
1582.jpg,tiger_cat
1583.jpg,african_elephant
1584.jpg,rugby
1585.jpg,goldfish
1586.jpg,banana
1587.jpg,golden_retriever
1588.jpg,airliner
1589.jpg,tiger_cat
1590.jpg,goldfish
1591.jpg,goldfish
1592.jpg,sunglasses
1593.jpg,banana
1594.jpg,african_elephant
1595.jpg,rugby
1596.jpg,rugby
1597.jpg,golden_retriever
1598.jpg,african_elephant
1599.jpg,banana
1600.jpg,banana
1601.jpg,african_elephant
1602.jpg,tiger_cat
1603.jpg,rugby
1604.jpg,sunglasses
1605.jpg,goldfish
1606.jpg,sunglasses
1607.jpg,airliner
1608.jpg,sunglasses
1609.jpg,rugby
1610.jpg,goldfish
1611.jpg,banana
1612.jpg,golden_retriever
1613.jpg,african_elephant
1614.jpg,banana
1615.jpg,banana
1616.jpg,convertible_car
1617.jpg,airliner
1618.jpg,parachute
1619.jpg,goldfish
1620.jpg,convertible_car
1621.jpg,sunglasses
1622.jpg,goldfish
1623.jpg,african_elephant
1624.jpg,rugby
1625.jpg,golden_retriever
1626.jpg,banana
1627.jpg,african_elephant
1628.jpg,convertible_car
1629.jpg,convertible_car
1630.jpg,banana
1631.jpg,sunglasses
1632.jpg,rugby
1633.jpg,golden_retriever
1634.jpg,golden_retriever
1635.jpg,tiger_cat
1636.jpg,african_elephant
1637.jpg,goldfish
1638.jpg,goldfish
1639.jpg,goldfish
1640.jpg,african_elephant
1641.jpg,goldfish
1642.jpg,golden_retriever
1643.jpg,sunglasses
1644.jpg,african_elephant
1645.jpg,rugby
1646.jpg,sunglasses
1647.jpg,goldfish
1648.jpg,golden_retriever
1649.jpg,golden_retriever
1650.jpg,rugby
1651.jpg,airliner
1652.jpg,tiger_cat
1653.jpg,airliner
1654.jpg,rugby
1655.jpg,african_elephant
1656.jpg,golden_retriever
1657.jpg,african_elephant
1658.jpg,goldfish
1659.jpg,banana
1660.jpg,parachute
1661.jpg,airliner
1662.jpg,african_elephant
1663.jpg,tiger_cat
1664.jpg,banana
1665.jpg,convertible_car
1666.jpg,sunglasses
1667.jpg,rugby
1668.jpg,convertible_car
1669.jpg,sunglasses
1670.jpg,airliner
1671.jpg,african_elephant
1672.jpg,sunglasses
1673.jpg,goldfish
1674.jpg,african_elephant
1675.jpg,convertible_car
1676.jpg,african_elephant
1677.jpg,goldfish
1678.jpg,golden_retriever
1679.jpg,convertible_car
1680.jpg,convertible_car
1681.jpg,golden_retriever
1682.jpg,sunglasses
1683.jpg,rugby
1684.jpg,rugby
1685.jpg,african_elephant
1686.jpg,rugby
1687.jpg,convertible_car
1688.jpg,airliner
1689.jpg,goldfish
1690.jpg,banana
1691.jpg,rugby
1692.jpg,golden_retriever
1693.jpg,goldfish
1694.jpg,goldfish
1695.jpg,golden_retriever
1696.jpg,rugby
1697.jpg,goldfish
1698.jpg,rugby
1699.jpg,rugby
1700.jpg,tiger_cat
1701.jpg,banana
1702.jpg,golden_retriever
1703.jpg,rugby
1704.jpg,parachute
1705.jpg,parachute
1706.jpg,goldfish
1707.jpg,goldfish
1708.jpg,goldfish
1709.jpg,goldfish
1710.jpg,convertible_car
1711.jpg,airliner
1712.jpg,airliner
1713.jpg,goldfish
1714.jpg,african_elephant
1715.jpg,sunglasses
1716.jpg,parachute
1717.jpg,sunglasses
1718.jpg,goldfish
1719.jpg,rugby
1720.jpg,sunglasses
1721.jpg,airliner
1722.jpg,sunglasses
1723.jpg,airliner
1724.jpg,convertible_car
1725.jpg,sunglasses
1726.jpg,goldfish
1727.jpg,goldfish
1728.jpg,goldfish
1729.jpg,airliner
1730.jpg,airliner
1731.jpg,sunglasses
1732.jpg,airliner
1733.jpg,airliner
1734.jpg,sunglasses
1735.jpg,parachute
1736.jpg,banana
1737.jpg,golden_retriever
1738.jpg,rugby
1739.jpg,airliner
1740.jpg,parachute
1741.jpg,convertible_car
1742.jpg,rugby
1743.jpg,parachute
1744.jpg,convertible_car
1745.jpg,african_elephant
1746.jpg,convertible_car
1747.jpg,parachute
1748.jpg,rugby
1749.jpg,banana
1750.jpg,sunglasses
1751.jpg,convertible_car
1752.jpg,sunglasses
1753.jpg,goldfish
1754.jpg,goldfish
1755.jpg,goldfish
1756.jpg,african_elephant
1757.jpg,sunglasses
1758.jpg,rugby
1759.jpg,golden_retriever
1760.jpg,african_elephant
1761.jpg,rugby
1762.jpg,tiger_cat
1763.jpg,african_elephant
1764.jpg,goldfish
1765.jpg,sunglasses
1766.jpg,airliner
1767.jpg,golden_retriever
1768.jpg,tiger_cat
1769.jpg,goldfish
1770.jpg,rugby
1771.jpg,goldfish
1772.jpg,african_elephant
1773.jpg,rugby
1774.jpg,african_elephant
1775.jpg,sunglasses
1776.jpg,goldfish
1777.jpg,airliner
1778.jpg,sunglasses
1779.jpg,convertible_car
1780.jpg,convertible_car
1781.jpg,tiger_cat
1782.jpg,tiger_cat
1783.jpg,convertible_car
1784.jpg,parachute
1785.jpg,rugby
1786.jpg,goldfish
1787.jpg,golden_retriever
1788.jpg,banana
1789.jpg,rugby
1790.jpg,goldfish
1791.jpg,golden_retriever
1792.jpg,golden_retriever
1793.jpg,sunglasses
1794.jpg,african_elephant
1795.jpg,goldfish
1796.jpg,golden_retriever
1797.jpg,african_elephant
1798.jpg,golden_retriever
1799.jpg,tiger_cat
1800.jpg,golden_retriever
1801.jpg,golden_retriever
1802.jpg,african_elephant
1803.jpg,sunglasses
1804.jpg,african_elephant
1805.jpg,airliner
1806.jpg,airliner
1807.jpg,convertible_car
1808.jpg,tiger_cat
1809.jpg,parachute
1810.jpg,golden_retriever
1811.jpg,golden_retriever
1812.jpg,goldfish
1813.jpg,parachute
1814.jpg,rugby
1815.jpg,airliner
1816.jpg,goldfish
1817.jpg,sunglasses
1818.jpg,golden_retriever
1819.jpg,sunglasses
1820.jpg,airliner
1821.jpg,parachute
1822.jpg,african_elephant
1823.jpg,goldfish
1824.jpg,airliner
1825.jpg,african_elephant
1826.jpg,sunglasses
1827.jpg,goldfish
1828.jpg,sunglasses
1829.jpg,parachute
1830.jpg,tiger_cat
1831.jpg,sunglasses
1832.jpg,sunglasses
1833.jpg,airliner
1834.jpg,african_elephant
1835.jpg,goldfish
1836.jpg,tiger_cat
1837.jpg,parachute
1838.jpg,banana
1839.jpg,goldfish
1840.jpg,sunglasses
1841.jpg,goldfish
1842.jpg,sunglasses
1843.jpg,parachute
1844.jpg,parachute
1845.jpg,goldfish
1846.jpg,convertible_car
1847.jpg,goldfish
1848.jpg,rugby
1849.jpg,goldfish
1850.jpg,banana
1851.jpg,tiger_cat
1852.jpg,sunglasses
1853.jpg,rugby
1854.jpg,sunglasses
1855.jpg,african_elephant
1856.jpg,banana
1857.jpg,convertible_car
1858.jpg,airliner
1859.jpg,goldfish
1860.jpg,african_elephant
1861.jpg,goldfish
1862.jpg,goldfish
1863.jpg,airliner
1864.jpg,rugby
1865.jpg,airliner
1866.jpg,african_elephant
1867.jpg,rugby
1868.jpg,sunglasses
1869.jpg,convertible_car
1870.jpg,african_elephant
1871.jpg,airliner
1872.jpg,african_elephant
1873.jpg,goldfish
1874.jpg,airliner
1875.jpg,banana
1876.jpg,golden_retriever
1877.jpg,sunglasses
1878.jpg,african_elephant
1879.jpg,sunglasses
1880.jpg,banana
1881.jpg,golden_retriever
1882.jpg,banana
1883.jpg,rugby
1884.jpg,tiger_cat
1885.jpg,airliner
1886.jpg,parachute
1887.jpg,goldfish
1888.jpg,golden_retriever
1889.jpg,airliner
1890.jpg,tiger_cat
1891.jpg,banana
1892.jpg,airliner
1893.jpg,banana
1894.jpg,tiger_cat
1895.jpg,golden_retriever
1896.jpg,goldfish
1897.jpg,convertible_car
1898.jpg,rugby
1899.jpg,golden_retriever
1900.jpg,airliner
1901.jpg,african_elephant
1902.jpg,african_elephant
1903.jpg,golden_retriever
1904.jpg,rugby
1905.jpg,golden_retriever
1906.jpg,golden_retriever
1907.jpg,convertible_car
1908.jpg,convertible_car
1909.jpg,sunglasses
1910.jpg,banana
1911.jpg,parachute
1912.jpg,parachute
1913.jpg,goldfish
1914.jpg,goldfish
1915.jpg,golden_retriever
1916.jpg,golden_retriever
1917.jpg,african_elephant
1918.jpg,convertible_car
1919.jpg,banana
1920.jpg,rugby
1921.jpg,goldfish
1922.jpg,goldfish
1923.jpg,goldfish
1924.jpg,convertible_car
1925.jpg,convertible_car
1926.jpg,goldfish
1927.jpg,banana
1928.jpg,goldfish
1929.jpg,convertible_car
1930.jpg,african_elephant
1931.jpg,golden_retriever
1932.jpg,goldfish
1933.jpg,sunglasses
1934.jpg,rugby
1935.jpg,goldfish
1936.jpg,african_elephant
1937.jpg,banana
1938.jpg,rugby
1939.jpg,goldfish
1940.jpg,rugby
1941.jpg,convertible_car
1942.jpg,golden_retriever
1943.jpg,goldfish
1944.jpg,parachute
1945.jpg,goldfish
1946.jpg,convertible_car
1947.jpg,golden_retriever
1948.jpg,banana
1949.jpg,parachute
1950.jpg,airliner
1951.jpg,tiger_cat
1952.jpg,goldfish
1953.jpg,african_elephant
1954.jpg,goldfish
1955.jpg,banana
1956.jpg,banana
1957.jpg,banana
1958.jpg,african_elephant
1959.jpg,sunglasses
1960.jpg,goldfish
1961.jpg,golden_retriever
1962.jpg,african_elephant
1963.jpg,african_elephant
1964.jpg,convertible_car
1965.jpg,golden_retriever
1966.jpg,convertible_car
1967.jpg,convertible_car
1968.jpg,goldfish
1969.jpg,banana
1970.jpg,rugby
1971.jpg,convertible_car
1972.jpg,african_elephant
1973.jpg,african_elephant
1974.jpg,sunglasses
1975.jpg,sunglasses
1976.jpg,golden_retriever
1977.jpg,banana
1978.jpg,convertible_car
1979.jpg,goldfish
1980.jpg,parachute
1981.jpg,goldfish
1982.jpg,rugby
1983.jpg,banana
1984.jpg,goldfish
1985.jpg,convertible_car
1986.jpg,convertible_car
1987.jpg,african_elephant
1988.jpg,parachute
1989.jpg,banana
1990.jpg,banana
1991.jpg,banana
1992.jpg,african_elephant
1993.jpg,convertible_car
1994.jpg,rugby
1995.jpg,rugby
1996.jpg,airliner
1997.jpg,golden_retriever
1998.jpg,african_elephant
1999.jpg,airliner
2000.jpg,airliner
2001.jpg,goldfish
2002.jpg,convertible_car
2003.jpg,rugby
2004.jpg,african_elephant
2005.jpg,sunglasses
2006.jpg,banana
2007.jpg,parachute
2008.jpg,rugby
2009.jpg,rugby
2010.jpg,airliner
2011.jpg,tiger_cat
2012.jpg,convertible_car
2013.jpg,rugby
2014.jpg,airliner
2015.jpg,rugby
2016.jpg,african_elephant
2017.jpg,airliner
2018.jpg,golden_retriever
2019.jpg,banana
2020.jpg,golden_retriever
2021.jpg,goldfish
2022.jpg,parachute
2023.jpg,banana
2024.jpg,african_elephant
2025.jpg,goldfish
2026.jpg,parachute
2027.jpg,african_elephant
2028.jpg,golden_retriever
2029.jpg,african_elephant
2030.jpg,sunglasses
2031.jpg,african_elephant
2032.jpg,banana
2033.jpg,goldfish
2034.jpg,banana
2035.jpg,golden_retriever
2036.jpg,golden_retriever
2037.jpg,parachute
2038.jpg,rugby
2039.jpg,goldfish
2040.jpg,african_elephant
2041.jpg,goldfish
2042.jpg,goldfish
2043.jpg,convertible_car
2044.jpg,african_elephant
2045.jpg,convertible_car
2046.jpg,parachute
2047.jpg,african_elephant
2048.jpg,convertible_car
2049.jpg,banana
2050.jpg,airliner
2051.jpg,rugby
2052.jpg,convertible_car
2053.jpg,rugby
2054.jpg,convertible_car
2055.jpg,banana
2056.jpg,african_elephant
2057.jpg,banana
2058.jpg,tiger_cat
2059.jpg,goldfish
2060.jpg,convertible_car
2061.jpg,airliner
2062.jpg,golden_retriever
2063.jpg,golden_retriever
2064.jpg,golden_retriever
2065.jpg,african_elephant
2066.jpg,african_elephant
2067.jpg,golden_retriever
2068.jpg,african_elephant
2069.jpg,rugby
2070.jpg,rugby
2071.jpg,rugby
2072.jpg,goldfish
2073.jpg,airliner
2074.jpg,convertible_car
2075.jpg,goldfish
2076.jpg,banana
2077.jpg,parachute
2078.jpg,goldfish
2079.jpg,airliner
2080.jpg,golden_retriever
2081.jpg,african_elephant
2082.jpg,goldfish
2083.jpg,banana
2084.jpg,airliner
2085.jpg,airliner
2086.jpg,goldfish
2087.jpg,goldfish
2088.jpg,convertible_car
2089.jpg,convertible_car
2090.jpg,golden_retriever
2091.jpg,goldfish
2092.jpg,rugby
2093.jpg,banana
2094.jpg,rugby
2095.jpg,banana
2096.jpg,rugby
2097.jpg,parachute
2098.jpg,banana
2099.jpg,golden_retriever
2100.jpg,rugby
2101.jpg,golden_retriever
2102.jpg,goldfish
2103.jpg,rugby
2104.jpg,goldfish
2105.jpg,rugby
2106.jpg,rugby
2107.jpg,banana
2108.jpg,sunglasses
2109.jpg,rugby
2110.jpg,airliner
2111.jpg,convertible_car
2112.jpg,sunglasses
2113.jpg,parachute
2114.jpg,rugby
2115.jpg,rugby
2116.jpg,parachute
2117.jpg,rugby
2118.jpg,banana
2119.jpg,rugby
2120.jpg,goldfish
2121.jpg,convertible_car
2122.jpg,goldfish
2123.jpg,banana
2124.jpg,parachute
2125.jpg,convertible_car
2126.jpg,banana
2127.jpg,african_elephant
2128.jpg,african_elephant
2129.jpg,rugby
2130.jpg,golden_retriever
2131.jpg,parachute
2132.jpg,banana
2133.jpg,convertible_car
2134.jpg,tiger_cat
2135.jpg,airliner
2136.jpg,convertible_car
2137.jpg,rugby
2138.jpg,goldfish
2139.jpg,goldfish
2140.jpg,african_elephant
2141.jpg,airliner
2142.jpg,sunglasses
2143.jpg,parachute
2144.jpg,parachute
2145.jpg,goldfish
2146.jpg,goldfish
2147.jpg,rugby
2148.jpg,goldfish
2149.jpg,airliner
2150.jpg,goldfish
2151.jpg,goldfish
2152.jpg,rugby
2153.jpg,goldfish
2154.jpg,banana
2155.jpg,golden_retriever
2156.jpg,convertible_car
2157.jpg,goldfish
2158.jpg,convertible_car
2159.jpg,african_elephant
2160.jpg,rugby
2161.jpg,parachute
2162.jpg,airliner
2163.jpg,african_elephant
2164.jpg,goldfish
2165.jpg,parachute
2166.jpg,airliner
2167.jpg,goldfish
2168.jpg,golden_retriever
2169.jpg,goldfish
2170.jpg,banana
2171.jpg,african_elephant
2172.jpg,african_elephant
2173.jpg,airliner
2174.jpg,sunglasses
2175.jpg,golden_retriever
2176.jpg,rugby
2177.jpg,goldfish
2178.jpg,african_elephant
2179.jpg,african_elephant
2180.jpg,banana
2181.jpg,goldfish
2182.jpg,african_elephant
2183.jpg,banana
2184.jpg,goldfish
2185.jpg,african_elephant
2186.jpg,goldfish
2187.jpg,parachute
2188.jpg,goldfish
2189.jpg,parachute
2190.jpg,airliner
2191.jpg,goldfish
2192.jpg,parachute
2193.jpg,golden_retriever
2194.jpg,sunglasses
2195.jpg,sunglasses
2196.jpg,goldfish
2197.jpg,african_elephant
2198.jpg,rugby
2199.jpg,rugby
2200.jpg,golden_retriever
2201.jpg,parachute
2202.jpg,rugby
2203.jpg,rugby
2204.jpg,golden_retriever
2205.jpg,goldfish
2206.jpg,african_elephant
2207.jpg,parachute
2208.jpg,parachute
2209.jpg,golden_retriever
2210.jpg,banana
2211.jpg,sunglasses
2212.jpg,goldfish
2213.jpg,golden_retriever
2214.jpg,golden_retriever
2215.jpg,convertible_car
2216.jpg,rugby
2217.jpg,banana
2218.jpg,african_elephant
2219.jpg,rugby
2220.jpg,goldfish
2221.jpg,african_elephant
2222.jpg,african_elephant
2223.jpg,parachute
2224.jpg,airliner
2225.jpg,goldfish
2226.jpg,airliner
2227.jpg,airliner
2228.jpg,rugby
2229.jpg,airliner
2230.jpg,banana
2231.jpg,golden_retriever
2232.jpg,convertible_car
2233.jpg,airliner
2234.jpg,airliner
2235.jpg,sunglasses
2236.jpg,tiger_cat
2237.jpg,rugby
2238.jpg,tiger_cat
2239.jpg,rugby
2240.jpg,banana
2241.jpg,goldfish
2242.jpg,banana
2243.jpg,goldfish
2244.jpg,rugby
2245.jpg,goldfish
2246.jpg,rugby
2247.jpg,banana
2248.jpg,goldfish
2249.jpg,sunglasses
2250.jpg,goldfish
2251.jpg,golden_retriever
2252.jpg,tiger_cat
2253.jpg,golden_retriever
2254.jpg,rugby
2255.jpg,african_elephant
2256.jpg,convertible_car
2257.jpg,convertible_car
2258.jpg,sunglasses
2259.jpg,goldfish
2260.jpg,african_elephant
2261.jpg,african_elephant
2262.jpg,sunglasses
2263.jpg,african_elephant
2264.jpg,airliner
2265.jpg,banana
2266.jpg,airliner
2267.jpg,airliner
2268.jpg,goldfish
2269.jpg,goldfish
2270.jpg,parachute
2271.jpg,convertible_car
2272.jpg,banana
2273.jpg,african_elephant
2274.jpg,banana
2275.jpg,golden_retriever
2276.jpg,airliner
2277.jpg,goldfish
2278.jpg,tiger_cat
2279.jpg,banana
2280.jpg,golden_retriever
2281.jpg,convertible_car
2282.jpg,golden_retriever
2283.jpg,convertible_car
2284.jpg,banana
2285.jpg,goldfish
2286.jpg,banana
2287.jpg,banana
2288.jpg,tiger_cat
2289.jpg,banana
2290.jpg,sunglasses
2291.jpg,goldfish
2292.jpg,parachute
2293.jpg,banana
2294.jpg,tiger_cat
2295.jpg,rugby
2296.jpg,goldfish
2297.jpg,rugby
2298.jpg,african_elephant
2299.jpg,convertible_car
2300.jpg,sunglasses
2301.jpg,convertible_car
2302.jpg,airliner
2303.jpg,african_elephant
2304.jpg,african_elephant
2305.jpg,goldfish
2306.jpg,rugby
2307.jpg,rugby
2308.jpg,convertible_car
2309.jpg,parachute
2310.jpg,parachute
2311.jpg,rugby
2312.jpg,rugby
2313.jpg,banana
2314.jpg,rugby
2315.jpg,african_elephant
2316.jpg,convertible_car
2317.jpg,banana
2318.jpg,goldfish
2319.jpg,goldfish
2320.jpg,parachute
2321.jpg,goldfish
2322.jpg,sunglasses
2323.jpg,golden_retriever
2324.jpg,golden_retriever
2325.jpg,golden_retriever
2326.jpg,sunglasses
2327.jpg,rugby
2328.jpg,convertible_car
2329.jpg,parachute
2330.jpg,goldfish
2331.jpg,golden_retriever
2332.jpg,golden_retriever
2333.jpg,african_elephant
2334.jpg,african_elephant
2335.jpg,airliner
2336.jpg,banana
2337.jpg,banana
2338.jpg,golden_retriever
2339.jpg,african_elephant
2340.jpg,rugby
2341.jpg,airliner
2342.jpg,rugby
2343.jpg,goldfish
2344.jpg,sunglasses
2345.jpg,parachute
2346.jpg,goldfish
2347.jpg,goldfish
2348.jpg,rugby
2349.jpg,banana
2350.jpg,parachute
2351.jpg,rugby
2352.jpg,convertible_car
2353.jpg,rugby
2354.jpg,tiger_cat
2355.jpg,goldfish
2356.jpg,rugby
2357.jpg,african_elephant
2358.jpg,golden_retriever
2359.jpg,goldfish
2360.jpg,african_elephant
2361.jpg,goldfish
2362.jpg,banana
2363.jpg,golden_retriever
2364.jpg,golden_retriever
2365.jpg,parachute
2366.jpg,rugby
2367.jpg,convertible_car
2368.jpg,parachute
2369.jpg,tiger_cat
2370.jpg,parachute
2371.jpg,african_elephant
2372.jpg,goldfish
2373.jpg,african_elephant
2374.jpg,rugby
2375.jpg,rugby
2376.jpg,airliner
2377.jpg,goldfish
2378.jpg,sunglasses
2379.jpg,parachute
2380.jpg,banana
2381.jpg,goldfish
2382.jpg,airliner
2383.jpg,goldfish
2384.jpg,tiger_cat
2385.jpg,airliner
2386.jpg,golden_retriever
2387.jpg,rugby
2388.jpg,banana
2389.jpg,sunglasses
2390.jpg,african_elephant
2391.jpg,banana
2392.jpg,airliner
2393.jpg,convertible_car
2394.jpg,rugby
2395.jpg,airliner
2396.jpg,rugby
2397.jpg,banana
2398.jpg,african_elephant
2399.jpg,sunglasses
2400.jpg,golden_retriever
2401.jpg,rugby
2402.jpg,convertible_car
2403.jpg,rugby
2404.jpg,golden_retriever
2405.jpg,airliner
2406.jpg,convertible_car
2407.jpg,rugby
2408.jpg,african_elephant
2409.jpg,goldfish
2410.jpg,tiger_cat
2411.jpg,parachute
2412.jpg,rugby
2413.jpg,airliner
2414.jpg,rugby
2415.jpg,banana
2416.jpg,rugby
2417.jpg,airliner
2418.jpg,goldfish
2419.jpg,airliner
2420.jpg,convertible_car
2421.jpg,banana
2422.jpg,tiger_cat
2423.jpg,rugby
2424.jpg,banana
2425.jpg,parachute
2426.jpg,golden_retriever
2427.jpg,airliner
2428.jpg,rugby
2429.jpg,african_elephant
